{
  "topics": [
    {
      "topicTitle": "HTML",
      "subTopics": [
        {
          "subTopicTitle": "asdas",
          "firstDescription": "asdas",
          "img": "asdasd",
          "secondDescription": "asdas"
        }
      ],
      "id": 1
    },
    {
      "topicTitle": "CSS",
      "subTopics": [
        {
          "subTopicTitle": "Вступление в HTML",
          "firstDescription": "Возврат нескольких элементов из компонента является распространённой практикой в React. Фрагменты позволяют формировать список дочерних элементов, не создавая лишних узлов в DOM.",
          "img": "https://www.udacity.com/blog/wp-content/uploads/2020/06/HTML_Blog-scaled.jpeg",
          "secondDescription": "Обратите внимание на первую строку <!DOCTYPE html>. DOCTYPE (document type) — служебная информация для браузера, где описывается стандарт HTML, который нужно обработать. Текущий стандарт HTML5 поддерживается всеми браузерами, поэтому достаточно указать в первой строке документа <!DOCTYPE html>, который говорит, что наш документ размечен по стандарту HTML5."
        },
        {
          "subTopicTitle": "Начало работы с HTML",
          "firstDescription": "Далее открывается парный тег html с атрибутом lang=\"ru\". Указание языка также необходимо для браузеров, особенно если сайт рассчитан на массовую аудиторию, в том числе и за рубежом.  Во избежание ошибок, обе вышеописанные конструкции, при их отсутствии, будут добавлены браузером автоматически. В некоторых ситуациях браузеры могут добавить не те строки, которые вы бы хотели, и вместо обработки страницы по стандарту HTML5 браузер будет обрабатывать всё как HTML4, что приведёт к множеству проблем.",
          "img": "https://cdn.mos.cms.futurecdn.net/Vp9WvV7YKdH4k8sKRePcE8-320-80.jpg",
          "secondDescription": "Во избежание ошибок, обе вышеописанные конструкции, при их отсутствии, будут добавлены браузером автоматически. В некоторых ситуациях браузеры могут добавить не те строки, которые вы бы хотели, и вместо обработки страницы по стандарту HTML5 браузер будет обрабатывать всё как HTML4, что приведёт к множеству проблем."
        }
      ],
      "id": 2
    }
  ]
}